bill_for,issue_date,due_date,total,status,created_time
Gold Subscription Plan,2019-05-27,2019-06-17,36.85,Paid,2019-05-27
Gold Subscription Plan,2019-05-27,2019-05-27,36.85,Paid,2019-05-27
Gold Subscription Plan,2019-05-30,2019-05-30,2.25,Paid,2019-05-30
Gold Subscription Plan,2019-05-30,2019-05-30,39.5,Paid,2019-05-30
Gold Subscription Plan,2019-05-30,2019-05-30,39.5,Paid,2019-05-30
Gold Subscription Plan,2019-05-30,2019-05-30,39.5,Paid,2019-05-30
Gold Subscription Plan,2019-05-30,2019-05-30,2.1,Paid,2019-05-30
Gold Subscription Plan,2019-06-01,2019-06-01,18.75,Paid,2019-06-01
Gold Subscription Plan,2019-06-01,2019-06-01,18.75,Paid,2019-06-01
Gold Subscription Plan,2019-06-01,2019-06-01,18.75,Paid,2019-06-01
Gold Subscription Plan,2019-06-04,2019-06-04,36.85,Paid,2019-06-04
Gold Subscription Plan,2019-06-04,2019-06-04,9.5,Paid,2019-06-04
Gold Subscription Plan,2019-06-04,2019-06-04,36.85,Paid,2019-06-04
Gold Subscription Plan,2019-06-04,2019-06-04,2.25,Paid,2019-06-04
Gold Subscription Plan,2019-06-04,2019-06-04,2.25,Paid,2019-06-04
Gold Subscription Plan,2019-06-08,2019-06-08,2.1,Paid,2019-06-08
Gold Subscription Plan,2019-06-08,2019-06-08,9.5,Paid,2019-06-08
Gold Subscription Plan,2019-06-09,2019-06-09,2.25,Paid,2019-06-09
Gold Subscription Plan,2019-06-10,2019-06-10,39.75,Paid,2019-06-10
Gold Subscription Plan,2019-06-15,2019-06-15,2.25,Paid,2019-06-15
Gold Subscription Plan,2019-06-16,2019-06-16,2.25,Paid,2019-06-16
Gold Subscription Plan,2019-06-17,2019-06-17,39.5,Paid,2019-06-17
Gold Subscription Plan,2019-06-17,2019-06-17,22.9,Paid,2019-06-17
Gold Subscription Plan,2019-06-17,2019-06-17,2,Paid,2019-06-17
Gold Subscription Plan,2019-06-17,2019-06-17,2.25,Paid,2019-06-17
Gold Subscription Plan,2019-06-17,2019-06-17,2,Paid,2019-06-17
Gold Subscription Plan,2019-06-17,2019-06-17,2,Paid,2019-06-17
Gold Subscription Plan,2019-06-17,2019-06-17,2,Paid,2019-06-17
Gold Subscription Plan,2019-06-19,2019-06-19,2.25,Paid,2019-06-19
Gold Subscription Plan,2019-06-19,2019-06-19,18.5,Paid,2019-06-19
Gold Subscription Plan,2019-06-19,2019-06-19,22.9,Paid,2019-06-19
Gold Subscription Plan,2019-06-19,2019-06-19,9.35,Paid,2019-06-19
Gold Subscription Plan,2019-06-19,2019-06-19,1.25,Paid,2019-06-19
Gold Subscription Plan,2019-06-24,2019-06-24,1.55,Paid,2019-06-24
Gold Subscription Plan,2019-06-25,2019-06-25,9.55,Paid,2019-06-25
Gold Subscription Plan,2019-06-25,2019-06-25,48.4,Paid,2019-06-25
Gold Subscription Plan,2019-06-25,2019-06-25,92.4,Paid,2019-06-25
Gold Subscription Plan,2019-06-26,2019-06-26,97.5,Paid,2019-06-26
Gold Subscription Plan,2019-06-26,2019-06-26,9.5,Paid,2019-06-26
Gold Subscription Plan,2019-06-26,2019-06-26,36.85,Paid,2019-06-26
Gold Subscription Plan,2019-06-26,2019-06-26,2.25,Paid,2019-06-26
Gold Subscription Plan,2019-06-26,2019-06-26,2.25,Paid,2019-06-26
Gold Subscription Plan,2019-06-26,2019-06-26,2.25,Paid,2019-06-26
Gold Subscription Plan,2019-06-26,2019-06-26,2.25,Paid,2019-06-26
Gold Subscription Plan,2019-06-26,2019-06-26,1.55,Paid,2019-06-26
Gold Subscription Plan,2019-07-01,2019-07-01,24.5,Paid,2019-07-01
Gold Subscription Plan,2019-07-01,2019-07-04,17.45,Paid,2019-07-01
Gold Subscription Plan,2019-07-01,2019-07-01,17.45,Paid,2019-07-01
Gold Subscription Plan,2019-07-01,2019-07-01,9.7,Paid,2019-07-01
Gold Subscription Plan,2019-07-01,2019-07-01,39.5,Paid,2019-07-01
Gold Subscription Plan,2019-07-01,2019-07-01,9.45,Paid,2019-07-01
Gold Subscription Plan,2019-07-01,2019-07-01,9.7,Paid,2019-07-01
Gold Subscription Plan,2019-07-01,2019-07-01,9.7,Paid,2019-07-01
Gold Subscription Plan,2019-07-01,2019-07-01,18.75,Paid,2019-07-01
Gold Subscription Plan,2019-07-01,2019-07-01,9.7,Paid,2019-07-01
Gold Subscription Plan,2019-07-01,2019-07-01,250,Paid,2019-07-01
Gold Subscription Plan,2019-07-01,2019-07-01,9.45,Paid,2019-07-01
Gold Subscription Plan,2019-07-01,2019-07-01,4.78,Paid,2019-07-01
Gold Subscription Plan,2019-07-01,2019-07-01,39.5,Paid,2019-07-01
Gold Subscription Plan,2019-07-02,2019-07-02,24.35,Paid,2019-07-02
Gold Subscription Plan,2019-07-02,2019-07-02,9.7,Paid,2019-07-02
Gold Subscription Plan,2019-07-02,2019-07-02,14.65,Paid,2019-07-02
Gold Subscription Plan,2019-07-02,2019-07-02,46,Paid,2019-07-02
Gold Subscription Plan,2019-07-02,2019-07-02,9.8,Paid,2019-07-02
Gold Subscription Plan,2019-07-02,2019-07-02,14.65,Paid,2019-07-02
Gold Subscription Plan,2019-07-02,2019-07-02,4.85,Paid,2019-07-02
Gold Subscription Plan,2019-07-02,2019-07-02,9.35,Paid,2019-07-02
Gold Subscription Plan,2019-07-02,2019-07-02,47,Paid,2019-07-02
Gold Subscription Plan,2019-07-02,2019-07-02,45.25,Paid,2019-07-02
Gold Subscription Plan,2019-07-02,2019-07-02,9.35,Paid,2019-07-02
Gold Subscription Plan,2019-07-02,2019-07-02,22.9,Paid,2019-07-02
Gold Subscription Plan,2019-07-02,2019-07-02,4.8,Paid,2019-07-02
Gold Subscription Plan,2019-07-02,2019-07-02,45.75,Paid,2019-07-02
Gold Subscription Plan,2019-07-02,2019-07-02,45.75,Paid,2019-07-02
Gold Subscription Plan,2019-07-02,2019-07-02,18.75,Paid,2019-07-02
Gold Subscription Plan,2019-07-02,2019-07-02,45.75,Paid,2019-07-02
Gold Subscription Plan,2019-07-02,2019-07-02,47,Paid,2019-07-02
Gold Subscription Plan,2019-07-02,2019-07-02,5.25,Paid,2019-07-02
Gold Subscription Plan,2019-07-02,2019-07-02,10.25,Paid,2019-07-02
Gold Subscription Plan,2019-07-02,2019-07-02,4.85,Paid,2019-07-02
Gold Subscription Plan,2019-07-02,2019-07-02,15.75,Paid,2019-07-02
Gold Subscription Plan,2019-07-02,2019-07-02,39.75,Paid,2019-07-02
Gold Subscription Plan,2019-07-02,2019-07-02,46,Paid,2019-07-02
Gold Subscription Plan,2019-07-02,2019-07-02,23.15,Paid,2019-07-02
Gold Subscription Plan,2019-07-02,2019-07-02,39.75,Paid,2019-07-02
Gold Subscription Plan,2019-07-02,2019-07-03,5.25,Paid,2019-07-02
Gold Subscription Plan,2019-07-02,2019-07-02,39.75,Paid,2019-07-02
Gold Subscription Plan,2019-07-02,2019-07-02,45.75,Paid,2019-07-02
Gold Subscription Plan,2019-07-02,2019-07-02,9.65,Paid,2019-07-02
Gold Subscription Plan,2019-07-02,2019-07-02,9.7,Paid,2019-07-02
Gold Subscription Plan,2019-07-02,2019-07-02,47,Paid,2019-07-02
Gold Subscription Plan,2019-07-02,2019-07-02,4.8,Paid,2019-07-02
Gold Subscription Plan,2019-07-02,2019-07-02,9.45,Paid,2019-07-02
Gold Subscription Plan,2019-07-02,2019-07-02,15.5,Paid,2019-07-02
Gold Subscription Plan,2019-07-02,2019-07-02,39.5,Paid,2019-07-02
Gold Subscription Plan,2019-07-02,2019-07-02,18.75,Paid,2019-07-02
Gold Subscription Plan,2019-07-02,2019-07-02,9.45,Paid,2019-07-02
Gold Subscription Plan,2019-07-02,2019-07-02,17.45,Paid,2019-07-02
Gold Subscription Plan,2019-07-03,2019-07-03,46.6,Paid,2019-07-03
Gold Subscription Plan,2019-07-03,2019-07-03,17.5,Paid,2019-07-03
Gold Subscription Plan,2019-07-03,2019-07-03,5.25,Paid,2019-07-03
Gold Subscription Plan,2019-07-03,2019-07-07,46,Paid,2019-07-03
Gold Subscription Plan,2019-07-03,2019-07-03,4.85,Paid,2019-07-03
Gold Subscription Plan,2019-07-03,2019-07-03,24.35,Paid,2019-07-03
Gold Subscription Plan,2019-07-03,2019-07-03,39.75,Paid,2019-07-03
Gold Subscription Plan,2019-07-03,2019-07-03,7.6,Paid,2019-07-03
Gold Subscription Plan,2019-07-03,2019-07-03,5.25,Paid,2019-07-03
Gold Subscription Plan,2019-07-03,2019-07-03,24.5,Paid,2019-07-03
Gold Subscription Plan,2019-07-03,2019-07-03,14.2,Paid,2019-07-03
Gold Subscription Plan,2019-07-03,2019-07-03,9.7,Paid,2019-07-03
Gold Subscription Plan,2019-07-03,2019-07-03,45.4,Paid,2019-07-03
Gold Subscription Plan,2019-07-03,2019-07-03,9.3,Paid,2019-07-03
Gold Subscription Plan,2019-07-03,2019-07-03,32.5,Paid,2019-07-03
Gold Subscription Plan,2019-07-03,2019-07-03,18.6,Paid,2019-07-03
Gold Subscription Plan,2019-07-03,2019-07-03,24.4,Paid,2019-07-03
Gold Subscription Plan,2019-07-03,2019-07-18,22.9,Paid,2019-07-03
Gold Subscription Plan,2019-07-03,2019-07-18,9.4,Paid,2019-07-03
Gold Subscription Plan,2019-07-03,2019-07-18,4.8,Paid,2019-07-03
Gold Subscription Plan,2019-07-03,2019-07-03,9.7,Paid,2019-07-03
Gold Subscription Plan,2019-07-03,2019-07-03,0.98,Paid,2019-07-03
Gold Subscription Plan,2019-07-03,2019-07-03,4.78,Paid,2019-07-03
Gold Subscription Plan,2019-07-03,2019-07-04,10.25,Paid,2019-07-03
Gold Subscription Plan,2019-07-03,2019-07-04,5.25,Paid,2019-07-03
Gold Subscription Plan,2019-07-03,2019-07-03,24.35,Paid,2019-07-03
Gold Subscription Plan,2019-07-03,2019-07-03,14.65,Paid,2019-07-03
Gold Subscription Plan,2019-07-03,2019-07-03,48.5,Paid,2019-07-03
Gold Subscription Plan,2019-07-03,2019-07-03,1.1,Paid,2019-07-03
Gold Subscription Plan,2019-07-04,2019-07-04,39.5,Paid,2019-07-04
Gold Subscription Plan,2019-07-04,2019-07-04,9.7,Paid,2019-07-04
Gold Subscription Plan,2019-07-04,2019-07-04,22.9,Paid,2019-07-04
Gold Subscription Plan,2019-07-04,2019-07-04,24.35,Paid,2019-07-04
Gold Subscription Plan,2019-07-04,2019-07-04,4.85,Paid,2019-07-04
Gold Subscription Plan,2019-07-04,2019-07-04,11,Paid,2019-07-04
Gold Subscription Plan,2019-07-04,2019-07-04,4.85,Paid,2019-07-04
Gold Subscription Plan,2019-07-04,2019-07-04,9.35,Paid,2019-07-04
Gold Subscription Plan,2019-07-04,2019-07-04,9.8,Paid,2019-07-04
Gold Subscription Plan,2019-07-04,2019-07-04,5,Paid,2019-07-04
Gold Subscription Plan,2019-07-04,2019-07-04,49,Paid,2019-07-04
Gold Subscription Plan,2019-07-04,2019-07-04,35.25,Paid,2019-07-04
Gold Subscription Plan,2019-07-04,2019-07-04,46,Paid,2019-07-04
Gold Subscription Plan,2019-07-04,2019-07-04,52.85,Paid,2019-07-04
Gold Subscription Plan,2019-07-04,2019-07-04,54.75,Paid,2019-07-04
Gold Subscription Plan,2019-07-04,2019-07-04,30.75,Paid,2019-07-04
Gold Subscription Plan,2019-07-04,2019-07-04,0.98,Paid,2019-07-04
Gold Subscription Plan,2019-07-04,2019-07-04,14.25,Paid,2019-07-04
Gold Subscription Plan,2019-07-04,2019-07-04,24.85,Paid,2019-07-04
Gold Subscription Plan,2019-07-04,2019-07-04,18.45,Paid,2019-07-04
Gold Subscription Plan,2019-07-04,2019-07-04,12.9,Paid,2019-07-04
Gold Subscription Plan,2019-07-04,2019-07-04,46.25,Paid,2019-07-04
Gold Subscription Plan,2019-07-04,2019-07-04,18.75,Paid,2019-07-04
Gold Subscription Plan,2019-07-04,2019-07-04,9.55,Paid,2019-07-04
Gold Subscription Plan,2019-07-04,2019-07-04,1.25,Paid,2019-07-04
Gold Subscription Plan,2019-07-04,2019-07-04,7.5,Paid,2019-07-04
Gold Subscription Plan,2019-07-04,2019-07-04,23.8,Paid,2019-07-04
Gold Subscription Plan,2019-07-04,2019-07-04,24.35,Paid,2019-07-04
Gold Subscription Plan,2019-07-04,2019-07-04,9.7,Paid,2019-07-04
Gold Subscription Plan,2019-07-04,2019-07-04,14.65,Paid,2019-07-04
Gold Subscription Plan,2019-07-04,2019-07-04,9.35,Paid,2019-07-04
Gold Subscription Plan,2019-07-04,2019-07-04,15,Paid,2019-07-04
Gold Subscription Plan,2019-07-04,2019-07-04,9.4,Paid,2019-07-04
Gold Subscription Plan,2019-07-04,2019-07-04,46,Paid,2019-07-04
Gold Subscription Plan,2019-07-04,2019-07-04,24.4,Paid,2019-07-04
Gold Subscription Plan,2019-07-04,2019-07-04,14.65,Paid,2019-07-04
Gold Subscription Plan,2019-07-04,2019-07-04,45.8,Paid,2019-07-04
Gold Subscription Plan,2019-07-05,2019-07-05,39,Paid,2019-07-05
Gold Subscription Plan,2019-07-05,2019-07-05,1,Paid,2019-07-05
Gold Subscription Plan,2019-07-05,2019-07-05,17.45,Paid,2019-07-05
Gold Subscription Plan,2019-07-05,2019-07-05,4.7,Paid,2019-07-05
Gold Subscription Plan,2019-07-05,2019-07-05,4.85,Paid,2019-07-05
Gold Subscription Plan,2019-07-05,2019-07-05,9.4,Paid,2019-07-05
Gold Subscription Plan,2019-07-05,2019-07-05,17.45,Paid,2019-07-05
Gold Subscription Plan,2019-07-05,2019-07-05,9.6,Paid,2019-07-05
Gold Subscription Plan,2019-07-05,2019-07-05,9.7,Paid,2019-07-05
Gold Subscription Plan,2019-07-05,2019-07-05,48.5,Paid,2019-07-05
Gold Subscription Plan,2019-07-05,2019-07-05,10.25,Paid,2019-07-05
Gold Subscription Plan,2019-07-05,2019-07-05,9.25,Paid,2019-07-05
Gold Subscription Plan,2019-07-05,2019-07-05,45.85,Paid,2019-07-05
Gold Subscription Plan,2019-07-05,2019-07-05,18.75,Paid,2019-07-05
Gold Subscription Plan,2019-07-05,2019-07-05,15,Paid,2019-07-05
Gold Subscription Plan,2019-07-06,2019-07-06,39.5,Paid,2019-07-06
Gold Subscription Plan,2019-07-06,2019-07-06,45.85,Paid,2019-07-06
Gold Subscription Plan,2019-07-06,2019-07-06,48.45,Paid,2019-07-06
Gold Subscription Plan,2019-07-06,2019-07-06,24.35,Paid,2019-07-06
Gold Subscription Plan,2019-07-06,2019-07-06,9.7,Paid,2019-07-06
Gold Subscription Plan,2019-07-06,2019-07-06,14.65,Paid,2019-07-06
Gold Subscription Plan,2019-07-06,2019-07-06,18.75,Paid,2019-07-06
Gold Subscription Plan,2019-07-06,2019-07-06,14.2,Paid,2019-07-06
Gold Subscription Plan,2019-07-06,2019-07-17,15.75,Paid,2019-07-06
Gold Subscription Plan,2019-07-06,2019-07-06,91.65,Paid,2019-07-06
Gold Subscription Plan,2019-07-06,2019-07-06,4.85,Paid,2019-07-06
Gold Subscription Plan,2019-07-06,2019-07-06,17.45,Paid,2019-07-06
Gold Subscription Plan,2019-07-07,2019-07-07,1.15,Paid,2019-07-07
Gold Subscription Plan,2019-07-07,2019-07-07,9.7,Paid,2019-07-07
Gold Subscription Plan,2019-07-07,2019-07-07,14.65,Paid,2019-07-07
Gold Subscription Plan,2019-07-07,2019-07-07,23,Paid,2019-07-07
Gold Subscription Plan,2019-07-07,2019-07-07,56.88,Paid,2019-07-07
Gold Subscription Plan,2019-07-07,2019-07-07,9.45,Paid,2019-07-07
Gold Subscription Plan,2019-07-07,2019-07-07,4.85,Paid,2019-07-07
Gold Subscription Plan,2019-07-07,2019-07-07,9.7,Paid,2019-07-07
Gold Subscription Plan,2019-07-07,2019-07-07,9.5,Paid,2019-07-07
Gold Subscription Plan,2019-07-07,2019-07-07,9.65,Paid,2019-07-07
Gold Subscription Plan,2019-07-07,2019-07-07,4.78,Paid,2019-07-07
Gold Subscription Plan,2019-07-07,2019-07-07,46.2,Paid,2019-07-07
Gold Subscription Plan,2019-07-07,2019-07-07,9.72,Paid,2019-07-07
Gold Subscription Plan,2019-07-07,2019-07-07,5.25,Paid,2019-07-07
Gold Subscription Plan,2019-07-08,2019-07-08,39.5,Paid,2019-07-08
Gold Subscription Plan,2019-07-08,2019-07-08,4.75,Paid,2019-07-08
Gold Subscription Plan,2019-07-08,2019-07-08,9.5,Paid,2019-07-08
Gold Subscription Plan,2019-07-08,2019-07-08,16.5,Paid,2019-07-08
Gold Subscription Plan,2019-07-08,2019-07-08,4.85,Paid,2019-07-08
Gold Subscription Plan,2019-07-08,2019-07-08,4.85,Paid,2019-07-08
Gold Subscription Plan,2019-07-08,2019-07-08,24.35,Paid,2019-07-08
Gold Subscription Plan,2019-07-08,2019-07-08,9.7,Paid,2019-07-08
Gold Subscription Plan,2019-07-08,2019-07-08,22.9,Paid,2019-07-08
Gold Subscription Plan,2019-07-08,2019-07-08,47,Paid,2019-07-08
Gold Subscription Plan,2019-07-08,2019-07-08,39.5,Paid,2019-07-08
Gold Subscription Plan,2019-07-08,2019-07-08,17.35,Paid,2019-07-08
Gold Subscription Plan,2019-07-08,2019-07-08,4.8,Paid,2019-07-08
Gold Subscription Plan,2019-07-08,2019-07-08,47,Paid,2019-07-08
Gold Subscription Plan,2019-07-08,2019-07-08,9.7,Paid,2019-07-08
Gold Subscription Plan,2019-07-08,2019-07-08,24.35,Paid,2019-07-08
Gold Subscription Plan,2019-07-08,2019-07-08,5.25,Paid,2019-07-08
Gold Subscription Plan,2019-07-08,2019-07-08,10.25,Paid,2019-07-08
Gold Subscription Plan,2019-07-08,2019-07-08,6.95,Paid,2019-07-08
Gold Subscription Plan,2019-07-08,2019-07-08,4.85,Paid,2019-07-08
Gold Subscription Plan,2019-07-08,2019-07-08,24.4,Paid,2019-07-08
Gold Subscription Plan,2019-07-08,2019-07-08,2.75,Paid,2019-07-08
Gold Subscription Plan,2019-07-08,2019-07-08,11.5,Paid,2019-07-08
Gold Subscription Plan,2019-07-08,2019-07-08,9.7,Paid,2019-07-08
Gold Subscription Plan,2019-07-08,2019-07-08,9.7,Paid,2019-07-08
Gold Subscription Plan,2019-07-08,2019-07-08,48.5,Paid,2019-07-08
Gold Subscription Plan,2019-07-08,2019-07-08,48.45,Paid,2019-07-08
Gold Subscription Plan,2019-07-08,2019-07-08,2.85,Paid,2019-07-08
Gold Subscription Plan,2019-07-08,2019-07-08,5.25,Paid,2019-07-08
Gold Subscription Plan,2019-07-08,2019-07-08,9.72,Paid,2019-07-08
Gold Subscription Plan,2019-07-08,2019-07-08,4.85,Paid,2019-07-08
Gold Subscription Plan,2019-07-08,2019-07-08,17.5,Paid,2019-07-08
Gold Subscription Plan,2019-07-08,2019-07-08,18.5,Paid,2019-07-08
Gold Subscription Plan,2019-07-08,2019-07-08,35.25,Paid,2019-07-08
Gold Subscription Plan,2019-07-08,2019-07-08,52.85,Paid,2019-07-08
Gold Subscription Plan,2019-07-08,2019-07-08,54.75,Paid,2019-07-08
Gold Subscription Plan,2019-07-08,2019-07-08,30.75,Paid,2019-07-08
Gold Subscription Plan,2019-07-08,2019-07-08,12.95,Paid,2019-07-08
Gold Subscription Plan,2019-07-08,2019-07-08,42.25,Paid,2019-07-08
Gold Subscription Plan,2019-07-08,2019-07-08,21.74,Paid,2019-07-08
Gold Subscription Plan,2019-07-08,2019-07-08,39.5,Paid,2019-07-08
Gold Subscription Plan,2019-07-09,2019-07-09,9.7,Paid,2019-07-09
Gold Subscription Plan,2019-07-09,2019-07-09,24.35,Paid,2019-07-09
Gold Subscription Plan,2019-07-09,2019-07-09,14.65,Paid,2019-07-09
Gold Subscription Plan,2019-07-09,2019-07-09,9.8,Paid,2019-07-09
Gold Subscription Plan,2019-07-09,2019-07-09,5,Paid,2019-07-09
Gold Subscription Plan,2019-07-09,2019-07-09,49,Paid,2019-07-09
Gold Subscription Plan,2019-07-09,2019-07-09,19.7,Paid,2019-07-09
Gold Subscription Plan,2019-07-09,2019-07-09,4.85,Paid,2019-07-09
Gold Subscription Plan,2019-07-09,2019-07-09,14.85,Paid,2019-07-09
Gold Subscription Plan,2019-07-09,2019-07-09,3,Paid,2019-07-09
Gold Subscription Plan,2019-07-09,2019-07-09,9.35,Paid,2019-07-09
Gold Subscription Plan,2019-07-09,2019-07-09,14.85,Paid,2019-07-09
Gold Subscription Plan,2019-07-09,2019-07-09,5,Paid,2019-07-09
Gold Subscription Plan,2019-07-09,2019-07-09,19.7,Paid,2019-07-09
Gold Subscription Plan,2019-07-09,2019-07-09,49,Paid,2019-07-09
Gold Subscription Plan,2019-07-09,2019-07-09,47.25,Paid,2019-07-09
Gold Subscription Plan,2019-07-09,2019-07-09,2.66,Paid,2019-07-09
Gold Subscription Plan,2019-07-09,2019-07-09,91.75,Paid,2019-07-09
Gold Subscription Plan,2019-07-09,2019-07-09,4.85,Paid,2019-07-09
Gold Subscription Plan,2019-07-09,2019-07-09,10.25,Paid,2019-07-09
Gold Subscription Plan,2019-07-09,2019-07-09,19.8,Paid,2019-07-09
Gold Subscription Plan,2019-07-09,2019-07-09,45.75,Paid,2019-07-09
Gold Subscription Plan,2019-07-09,2019-07-09,9.45,Paid,2019-07-09
Gold Subscription Plan,2019-07-09,2019-07-09,23,Paid,2019-07-09
Gold Subscription Plan,2019-07-09,2019-07-09,29.9,Paid,2019-07-09
Gold Subscription Plan,2019-07-09,2019-07-09,99,Paid,2019-07-09
Gold Subscription Plan,2019-07-09,2019-07-09,7.5,Paid,2019-07-09
Gold Subscription Plan,2019-07-09,2019-07-09,91.65,Paid,2019-07-09
Gold Subscription Plan,2019-07-09,2019-07-09,2.75,Paid,2019-07-09
Gold Subscription Plan,2019-07-09,2019-07-09,5.25,Paid,2019-07-09
Gold Subscription Plan,2019-07-09,2019-07-09,9.45,Paid,2019-07-09
Gold Subscription Plan,2019-07-09,2019-07-09,10.25,Paid,2019-07-09
Gold Subscription Plan,2019-07-09,2019-07-09,48.5,Paid,2019-07-09
Gold Subscription Plan,2019-07-09,2019-07-09,5.25,Paid,2019-07-09
Gold Subscription Plan,2019-07-09,2019-07-09,10.25,Paid,2019-07-09
Gold Subscription Plan,2019-07-09,2019-07-09,17.75,Paid,2019-07-09
Gold Subscription Plan,2019-07-09,2019-07-09,27.1,Paid,2019-07-09
Gold Subscription Plan,2019-07-09,2019-07-09,55,Paid,2019-07-09
Gold Subscription Plan,2019-07-09,2019-07-09,103.5,Paid,2019-07-09
Gold Subscription Plan,2019-07-09,2019-07-09,9.7,Paid,2019-07-09
Gold Subscription Plan,2019-07-09,2019-07-09,24.3,Paid,2019-07-09
Gold Subscription Plan,2019-07-09,2019-07-09,45.75,Paid,2019-07-09
Gold Subscription Plan,2019-07-09,2019-07-09,19,Paid,2019-07-09
Gold Subscription Plan,2019-07-09,2019-07-09,4.85,Paid,2019-07-09
Gold Subscription Plan,2019-07-09,2019-07-09,9.7,Paid,2019-07-09
Gold Subscription Plan,2019-07-10,2019-07-10,48.45,Paid,2019-07-10
Gold Subscription Plan,2019-07-10,2019-07-10,9.7,Paid,2019-07-10
Gold Subscription Plan,2019-07-10,2019-07-10,0.75,Paid,2019-07-10
Gold Subscription Plan,2019-07-10,2019-07-10,11.5,Paid,2019-07-10
Gold Subscription Plan,2019-07-10,2019-07-10,12.85,Paid,2019-07-10
Gold Subscription Plan,2019-07-10,2019-07-10,9.72,Paid,2019-07-10
Gold Subscription Plan,2019-07-10,2019-07-10,4.85,Paid,2019-07-10
Gold Subscription Plan,2019-07-10,2019-07-10,24.35,Paid,2019-07-10
Gold Subscription Plan,2019-07-10,2019-07-10,46.05,Paid,2019-07-10
Gold Subscription Plan,2019-07-10,2019-07-10,10.25,Paid,2019-07-10
Gold Subscription Plan,2019-07-10,2019-07-10,10.25,Paid,2019-07-10
Gold Subscription Plan,2019-07-10,2019-07-10,46,Paid,2019-07-10
Gold Subscription Plan,2019-07-10,2019-07-10,9.7,Paid,2019-07-10
Gold Subscription Plan,2019-07-10,2019-07-10,4.85,Paid,2019-07-10
Gold Subscription Plan,2019-07-10,2019-07-10,5,Paid,2019-07-10
Gold Subscription Plan,2019-07-10,2019-07-10,9.72,Paid,2019-07-10
Gold Subscription Plan,2019-07-10,2019-07-10,15.5,Paid,2019-07-10
Gold Subscription Plan,2019-07-10,2019-07-10,2,Paid,2019-07-10
Gold Subscription Plan,2019-07-10,2019-07-10,17.5,Paid,2019-07-10
Gold Subscription Plan,2019-07-10,2019-07-10,39.75,Paid,2019-07-10
Gold Subscription Plan,2019-07-10,2019-07-10,48.5,Paid,2019-07-10
Gold Subscription Plan,2019-07-10,2019-07-10,45.85,Paid,2019-07-10
Gold Subscription Plan,2019-07-10,2019-07-10,9.7,Paid,2019-07-10
Gold Subscription Plan,2019-07-10,2019-07-10,18.3,Paid,2019-07-10
Gold Subscription Plan,2019-07-10,2019-07-10,45.4,Paid,2019-07-10
Gold Subscription Plan,2019-07-10,2019-07-10,46,Paid,2019-07-10
Gold Subscription Plan,2019-07-10,2019-07-10,14.3,Paid,2019-07-10
Gold Subscription Plan,2019-07-10,2019-07-10,23,Paid,2019-07-10
Gold Subscription Plan,2019-07-10,2019-07-10,23.1,Paid,2019-07-10
Gold Subscription Plan,2019-07-10,2019-07-10,9.35,Paid,2019-07-10
Gold Subscription Plan,2019-07-10,2019-07-10,39.75,Paid,2019-07-10
Gold Subscription Plan,2019-07-10,2019-07-10,91.75,Paid,2019-07-10
Gold Subscription Plan,2019-07-10,2019-07-10,46.2,Paid,2019-07-10
Gold Subscription Plan,2019-07-10,2019-07-10,18.55,Paid,2019-07-10
Gold Subscription Plan,2019-07-10,2019-07-10,17.45,Paid,2019-07-10
Gold Subscription Plan,2019-07-10,2019-07-10,39.5,Paid,2019-07-10
Gold Subscription Plan,2019-07-10,2019-07-10,9.5,Paid,2019-07-10
Gold Subscription Plan,2019-07-10,2019-07-10,23,Paid,2019-07-10
Gold Subscription Plan,2019-07-10,2019-07-11,9.5,Paid,2019-07-10
Gold Subscription Plan,2019-07-10,2019-07-10,45.4,Paid,2019-07-10
Gold Subscription Plan,2019-07-10,2019-07-10,9.3,Paid,2019-07-10
Gold Subscription Plan,2019-07-10,2019-07-10,46.6,Paid,2019-07-10
Gold Subscription Plan,2019-07-10,2019-07-10,23.5,Paid,2019-07-10
Gold Subscription Plan,2019-07-10,2019-07-10,18.75,Paid,2019-07-10
Gold Subscription Plan,2019-07-10,2019-07-10,9.65,Paid,2019-07-10
Gold Subscription Plan,2019-07-10,2019-07-10,4.8,Paid,2019-07-10
Gold Subscription Plan,2019-07-10,2019-07-10,46,Paid,2019-07-10
Gold Subscription Plan,2019-07-10,2019-07-10,46.2,Paid,2019-07-10
Gold Subscription Plan,2019-07-10,2019-07-10,39.75,Paid,2019-07-10
Gold Subscription Plan,2019-07-10,2019-07-10,17.5,Paid,2019-07-10
Gold Subscription Plan,2019-07-10,2019-07-10,14.65,Paid,2019-07-10
Gold Subscription Plan,2019-07-10,2019-07-10,46,Paid,2019-07-10
Gold Subscription Plan,2019-07-10,2019-07-10,29.9,Paid,2019-07-10
Gold Subscription Plan,2019-07-10,2019-07-10,24.95,Paid,2019-07-10
Gold Subscription Plan,2019-07-10,2019-07-10,19.8,Paid,2019-07-10
Gold Subscription Plan,2019-07-10,2019-07-10,16.5,Paid,2019-07-10
Gold Subscription Plan,2019-07-10,2019-07-10,9.65,Paid,2019-07-10
Gold Subscription Plan,2019-07-10,2019-07-10,48.5,Paid,2019-07-10
Gold Subscription Plan,2019-07-10,2019-07-10,22.25,Paid,2019-07-10
Gold Subscription Plan,2019-07-11,2019-07-11,12.65,Paid,2019-07-11
Gold Subscription Plan,2019-07-11,2019-07-11,26,Paid,2019-07-11
Gold Subscription Plan,2019-07-11,2019-07-11,10.25,Paid,2019-07-11
Gold Subscription Plan,2019-07-11,2019-07-11,9.72,Paid,2019-07-11
Gold Subscription Plan,2019-07-11,2019-07-11,4.85,Paid,2019-07-11
Gold Subscription Plan,2019-07-11,2019-07-11,1.15,Paid,2019-07-11
Gold Subscription Plan,2019-07-11,2019-07-11,3,Paid,2019-07-11
Gold Subscription Plan,2019-07-11,2019-07-11,9.35,Paid,2019-07-11
Gold Subscription Plan,2019-07-11,2019-07-11,5.25,Paid,2019-07-11
Gold Subscription Plan,2019-07-11,2019-07-11,2.85,Paid,2019-07-11
Gold Subscription Plan,2019-07-11,2019-07-11,4.85,Paid,2019-07-11
Gold Subscription Plan,2019-07-11,2019-07-11,9.45,Paid,2019-07-11
Gold Subscription Plan,2019-07-11,2019-07-11,39.75,Paid,2019-07-11
Gold Subscription Plan,2019-07-11,2019-07-11,17.5,Paid,2019-07-11
Gold Subscription Plan,2019-07-11,2019-07-12,47,Paid,2019-07-11
Gold Subscription Plan,2019-07-11,2019-07-11,10.25,Paid,2019-07-11
Gold Subscription Plan,2019-07-11,2019-07-14,47,Paid,2019-07-11
Gold Subscription Plan,2019-07-11,2019-07-11,20.35,Paid,2019-07-11
Gold Subscription Plan,2019-07-11,2019-07-11,9.7,Paid,2019-07-11
Gold Subscription Plan,2019-07-11,2019-07-11,22.15,Paid,2019-07-11
Gold Subscription Plan,2019-07-11,2019-07-11,45.1,Paid,2019-07-11
Gold Subscription Plan,2019-07-11,2019-07-11,4.85,Paid,2019-07-11
Gold Subscription Plan,2019-07-11,2019-07-11,96.5,Paid,2019-07-11
Gold Subscription Plan,2019-07-11,2019-07-11,5.25,Paid,2019-07-11
Gold Subscription Plan,2019-07-11,2019-07-11,48.5,Paid,2019-07-11
Gold Subscription Plan,2019-07-11,2019-07-11,47.2,Paid,2019-07-11
Gold Subscription Plan,2019-07-11,2019-07-11,39.5,Paid,2019-07-11
Gold Subscription Plan,2019-07-11,2019-07-11,17.75,Paid,2019-07-11
Gold Subscription Plan,2019-07-11,2019-07-11,9.45,Paid,2019-07-11
Gold Subscription Plan,2019-07-11,2019-07-11,9.4,Paid,2019-07-11
Gold Subscription Plan,2019-07-11,2019-07-11,4.8,Paid,2019-07-11
Gold Subscription Plan,2019-07-12,2019-07-12,0.75,Paid,2019-07-12
Gold Subscription Plan,2019-07-12,2019-07-12,9.7,Paid,2019-07-12
Gold Subscription Plan,2019-07-12,2019-07-12,9.55,Paid,2019-07-12
Gold Subscription Plan,2019-07-12,2019-07-12,4.75,Paid,2019-07-12
Gold Subscription Plan,2019-07-12,2019-07-12,5.25,Paid,2019-07-12
Gold Subscription Plan,2019-07-12,2019-07-12,9.7,Paid,2019-07-12
Gold Subscription Plan,2019-07-12,2019-07-12,24.35,Paid,2019-07-12
Gold Subscription Plan,2019-07-12,2019-07-12,14.65,Paid,2019-07-12
Gold Subscription Plan,2019-07-12,2019-07-12,9.8,Paid,2019-07-12
Gold Subscription Plan,2019-07-12,2019-07-12,5,Paid,2019-07-12
Gold Subscription Plan,2019-07-12,2019-07-12,10,Paid,2019-07-12
Gold Subscription Plan,2019-07-12,2019-07-12,59.99,Paid,2019-07-12
Gold Subscription Plan,2019-07-12,2019-07-12,24.99,Paid,2019-07-12
Gold Subscription Plan,2019-07-12,2019-07-12,17.75,Paid,2019-07-12
Gold Subscription Plan,2019-07-12,2019-07-12,5.25,Paid,2019-07-12
Gold Subscription Plan,2019-07-12,2019-07-12,10.25,Paid,2019-07-12
Gold Subscription Plan,2019-07-12,2019-07-12,29.75,Paid,2019-07-12
Gold Subscription Plan,2019-07-12,2019-07-12,4.85,Paid,2019-07-12
Gold Subscription Plan,2019-07-12,2019-07-12,9.7,Paid,2019-07-12
Gold Subscription Plan,2019-07-12,2019-07-12,47,Paid,2019-07-12
Gold Subscription Plan,2019-07-12,2019-07-12,23.45,Paid,2019-07-12
Gold Subscription Plan,2019-07-12,2019-07-12,23.25,Paid,2019-07-12
Gold Subscription Plan,2019-07-12,2019-07-12,29.9,Paid,2019-07-12
Gold Subscription Plan,2019-07-12,2019-07-12,98.25,Paid,2019-07-12
Gold Subscription Plan,2019-07-12,2019-07-12,26,Paid,2019-07-12
Gold Subscription Plan,2019-07-12,2019-07-12,18.75,Paid,2019-07-12
Gold Subscription Plan,2019-07-12,2019-07-12,9.2,Paid,2019-07-12
Gold Subscription Plan,2019-07-12,2019-07-12,18.22,Paid,2019-07-12
Gold Subscription Plan,2019-07-12,2019-07-12,32.25,Paid,2019-07-12
Gold Subscription Plan,2019-07-12,2019-07-12,23,Paid,2019-07-12
Gold Subscription Plan,2019-07-12,2019-07-12,14.25,Paid,2019-07-12
Gold Subscription Plan,2019-07-12,2019-07-12,48.45,Paid,2019-07-12
Gold Subscription Plan,2019-07-12,2019-07-12,14.65,Paid,2019-07-12
Gold Subscription Plan,2019-07-12,2019-07-12,5.25,Paid,2019-07-12
Gold Subscription Plan,2019-07-12,2019-07-12,10.25,Paid,2019-07-12
Gold Subscription Plan,2019-07-12,2019-07-12,15.5,Paid,2019-07-12
Gold Subscription Plan,2019-07-12,2019-07-12,18.75,Paid,2019-07-12
Gold Subscription Plan,2019-07-12,2019-07-12,9.45,Paid,2019-07-12
Gold Subscription Plan,2019-07-12,2019-07-12,3.5,Paid,2019-07-12
Gold Subscription Plan,2019-07-12,2019-07-12,16.45,Paid,2019-07-12
Gold Subscription Plan,2019-07-12,2019-07-12,7.65,Paid,2019-07-12
Gold Subscription Plan,2019-07-12,2019-07-12,48.5,Paid,2019-07-12
Gold Subscription Plan,2019-07-12,2019-07-12,4.85,Paid,2019-07-12
Gold Subscription Plan,2019-07-12,2019-07-12,9.7,Paid,2019-07-12
Gold Subscription Plan,2019-07-12,2019-07-12,7.65,Paid,2019-07-12
Gold Subscription Plan,2019-07-12,2019-07-14,15.75,Paid,2019-07-12
Gold Subscription Plan,2019-07-12,2019-07-12,45.35,Paid,2019-07-12
Gold Subscription Plan,2019-07-12,2019-07-12,46.6,Paid,2019-07-12
Gold Subscription Plan,2019-07-13,2019-07-13,48.45,Paid,2019-07-13
Gold Subscription Plan,2019-07-13,2019-07-13,18,Paid,2019-07-13
Gold Subscription Plan,2019-07-13,2019-07-13,18.1,Paid,2019-07-13
Gold Subscription Plan,2019-07-13,2019-07-14,47,Paid,2019-07-13
Gold Subscription Plan,2019-07-13,2019-07-13,98.25,Paid,2019-07-13
Gold Subscription Plan,2019-07-13,2019-07-13,39.5,Paid,2019-07-13
Gold Subscription Plan,2019-07-13,2019-07-13,5.25,Paid,2019-07-13
Gold Subscription Plan,2019-07-13,2019-07-13,10.25,Paid,2019-07-13
Gold Subscription Plan,2019-07-13,2019-07-13,46,Paid,2019-07-13
Gold Subscription Plan,2019-07-13,2019-07-13,48.5,Paid,2019-07-13
Gold Subscription Plan,2019-07-13,2019-07-13,9.7,Paid,2019-07-13
Gold Subscription Plan,2019-07-13,2019-07-13,5.25,Paid,2019-07-13
Gold Subscription Plan,2019-07-13,2019-07-13,10.25,Paid,2019-07-13
Gold Subscription Plan,2019-07-13,2019-07-13,15.5,Paid,2019-07-13
Gold Subscription Plan,2019-07-13,2019-07-13,2.1,Paid,2019-07-13
Gold Subscription Plan,2019-07-13,2019-07-13,4.85,Paid,2019-07-13
Gold Subscription Plan,2019-07-13,2019-07-13,9.7,Paid,2019-07-13
Gold Subscription Plan,2019-07-13,2019-07-13,14.65,Paid,2019-07-13
Gold Subscription Plan,2019-07-13,2019-07-13,48.45,Paid,2019-07-13
Gold Subscription Plan,2019-07-13,2019-07-13,24.4,Paid,2019-07-13
Gold Subscription Plan,2019-07-13,2019-07-13,9.7,Paid,2019-07-13
Gold Subscription Plan,2019-07-13,2019-07-13,29.75,Paid,2019-07-13
Gold Subscription Plan,2019-07-13,2019-07-13,2,Paid,2019-07-13
Gold Subscription Plan,2019-07-13,2019-07-13,17.45,Paid,2019-07-13
Gold Subscription Plan,2019-07-14,2019-07-14,36.85,Paid,2019-07-14
Gold Subscription Plan,2019-07-14,2019-07-14,39.75,Paid,2019-07-14
Gold Subscription Plan,2019-07-14,2019-07-14,9.7,Paid,2019-07-14
Gold Subscription Plan,2019-07-14,2019-07-14,7.65,Paid,2019-07-14
Gold Subscription Plan,2019-07-14,2019-07-14,9.55,Paid,2019-07-14
Gold Subscription Plan,2019-07-14,2019-07-14,9.7,Paid,2019-07-14
Gold Subscription Plan,2019-07-14,2019-07-14,14.65,Paid,2019-07-14
Gold Subscription Plan,2019-07-14,2019-07-14,4.85,Paid,2019-07-14
Gold Subscription Plan,2019-07-14,2019-07-14,4.8,Paid,2019-07-14
Gold Subscription Plan,2019-07-14,2019-07-14,48.45,Paid,2019-07-14
Gold Subscription Plan,2019-07-14,2019-07-14,12,Paid,2019-07-14
Gold Subscription Plan,2019-07-14,2019-07-14,5.25,Paid,2019-07-14
Gold Subscription Plan,2019-07-14,2019-07-14,10.25,Paid,2019-07-14
Gold Subscription Plan,2019-07-14,2019-07-14,2,Paid,2019-07-14
Gold Subscription Plan,2019-07-14,2019-07-14,18,Paid,2019-07-14
Gold Subscription Plan,2019-07-14,2019-07-14,16.35,Paid,2019-07-14
Gold Subscription Plan,2019-07-14,2019-07-14,19.8,Paid,2019-07-14
Gold Subscription Plan,2019-07-14,2019-07-14,9.45,Paid,2019-07-14
Gold Subscription Plan,2019-07-14,2019-07-14,16.45,Paid,2019-07-14
Gold Subscription Plan,2019-07-14,2019-07-14,24.35,Paid,2019-07-14
Gold Subscription Plan,2019-07-15,2019-07-15,39.5,Paid,2019-07-15
Gold Subscription Plan,2019-07-15,2019-07-15,4.85,Paid,2019-07-15
Gold Subscription Plan,2019-07-15,2019-07-15,48.45,Paid,2019-07-15
Gold Subscription Plan,2019-07-15,2019-07-15,1,Paid,2019-07-15
Gold Subscription Plan,2019-07-15,2019-07-15,2.85,Paid,2019-07-15
Gold Subscription Plan,2019-07-15,2019-07-15,5.25,Paid,2019-07-15
Gold Subscription Plan,2019-07-15,2019-07-15,23.25,Paid,2019-07-15
Gold Subscription Plan,2019-07-15,2019-07-15,0.99,Paid,2019-07-15
Gold Subscription Plan,2019-07-15,2019-07-15,5.25,Paid,2019-07-15
Gold Subscription Plan,2019-07-15,2019-07-15,10.25,Paid,2019-07-15
Gold Subscription Plan,2019-07-15,2019-07-15,2,Paid,2019-07-15
Gold Subscription Plan,2019-07-15,2019-07-15,2.75,Paid,2019-07-15
Gold Subscription Plan,2019-07-15,2019-07-15,9.4,Paid,2019-07-15
Gold Subscription Plan,2019-07-15,2019-07-15,9.4,Paid,2019-07-15
Gold Subscription Plan,2019-07-15,2019-07-15,19.8,Paid,2019-07-15
Gold Subscription Plan,2019-07-15,2019-07-15,0.75,Paid,2019-07-15
Gold Subscription Plan,2019-07-15,2019-07-15,22.25,Paid,2019-07-15
Gold Subscription Plan,2019-07-15,2019-07-15,46,Paid,2019-07-15
Gold Subscription Plan,2019-07-16,2019-07-16,15.5,Paid,2019-07-16
Gold Subscription Plan,2019-07-16,2019-07-16,9.4,Paid,2019-07-16
Gold Subscription Plan,2019-07-16,2019-07-16,22.9,Paid,2019-07-16
Gold Subscription Plan,2019-07-16,2019-07-16,39.5,Paid,2019-07-16
Gold Subscription Plan,2019-07-16,2019-07-16,93.25,Paid,2019-07-16
Gold Subscription Plan,2019-07-16,2019-07-16,18.75,Paid,2019-07-16
Gold Subscription Plan,2019-07-16,2019-07-16,9.5,Paid,2019-07-16
Gold Subscription Plan,2019-07-16,2019-07-16,4.8,Paid,2019-07-16
Gold Subscription Plan,2019-07-16,2019-07-16,9.4,Paid,2019-07-16
Gold Subscription Plan,2019-07-16,2019-07-16,4.85,Paid,2019-07-16
Gold Subscription Plan,2019-07-16,2019-07-16,9.7,Paid,2019-07-16
Gold Subscription Plan,2019-07-16,2019-07-16,47,Paid,2019-07-16
Gold Subscription Plan,2019-07-16,2019-07-16,4.85,Paid,2019-07-16
Gold Subscription Plan,2019-07-16,2019-07-16,11.75,Paid,2019-07-16
Gold Subscription Plan,2019-07-16,2019-07-16,17.5,Paid,2019-07-16
Gold Subscription Plan,2019-07-16,2019-07-16,11.5,Paid,2019-07-16
Gold Subscription Plan,2019-07-16,2019-07-16,7.65,Paid,2019-07-16
Gold Subscription Plan,2019-07-16,2019-07-16,7.65,Paid,2019-07-16
Gold Subscription Plan,2019-07-16,2019-07-16,9.35,Paid,2019-07-16
Gold Subscription Plan,2019-07-16,2019-07-16,9.7,Paid,2019-07-16
Gold Subscription Plan,2019-07-16,2019-07-16,14.65,Paid,2019-07-16
Gold Subscription Plan,2019-07-16,2019-07-16,14.25,Paid,2019-07-16
Gold Subscription Plan,2019-07-16,2019-07-16,7.75,Paid,2019-07-16
Gold Subscription Plan,2019-07-16,2019-07-16,17.1,Paid,2019-07-16
Gold Subscription Plan,2019-07-16,2019-07-16,39.75,Paid,2019-07-16
Gold Subscription Plan,2019-07-16,2019-07-16,32.5,Paid,2019-07-16
Gold Subscription Plan,2019-07-16,2019-07-16,9.45,Paid,2019-07-16
Gold Subscription Plan,2019-07-16,2019-07-16,23,Paid,2019-07-16
Gold Subscription Plan,2019-07-16,2019-07-16,9.4,Paid,2019-07-16
Gold Subscription Plan,2019-07-16,2019-07-16,7.5,Paid,2019-07-16
Gold Subscription Plan,2019-07-16,2019-07-16,17.1,Paid,2019-07-16
Gold Subscription Plan,2019-07-16,2019-07-16,9.7,Paid,2019-07-16
Gold Subscription Plan,2019-07-16,2019-07-16,17,Paid,2019-07-16
Gold Subscription Plan,2019-07-16,2019-07-16,18,Paid,2019-07-16
Gold Subscription Plan,2019-07-16,2019-07-16,9.45,Paid,2019-07-16
Gold Subscription Plan,2019-07-16,2019-07-16,19.8,Paid,2019-07-16
Gold Subscription Plan,2019-07-16,2019-07-16,29.75,Paid,2019-07-16
Gold Subscription Plan,2019-07-16,2019-07-16,4.85,Paid,2019-07-16
Gold Subscription Plan,2019-07-16,2019-07-16,48.45,Paid,2019-07-16
Gold Subscription Plan,2019-07-16,2019-07-16,24.35,Paid,2019-07-16
Gold Subscription Plan,2019-07-16,2019-07-16,9.7,Paid,2019-07-16
Gold Subscription Plan,2019-07-16,2019-07-16,14.65,Paid,2019-07-16
Gold Subscription Plan,2019-07-16,2019-07-16,17,Paid,2019-07-16
Gold Subscription Plan,2019-07-16,2019-07-16,18.75,Paid,2019-07-16
Gold Subscription Plan,2019-07-16,2019-07-16,2.1,Paid,2019-07-16
Gold Subscription Plan,2019-07-16,2019-07-18,39.5,Paid,2019-07-16
Gold Subscription Plan,2019-07-16,2019-07-16,24.35,Paid,2019-07-16
Gold Subscription Plan,2019-07-16,2019-07-16,22.9,Paid,2019-07-16
Gold Subscription Plan,2019-07-16,2019-07-16,47,Paid,2019-07-16
Gold Subscription Plan,2019-07-17,2019-07-17,4.85,Paid,2019-07-17
Gold Subscription Plan,2019-07-17,2019-07-17,9.35,Paid,2019-07-17
Gold Subscription Plan,2019-07-17,2019-07-17,9.8,Paid,2019-07-17
Gold Subscription Plan,2019-07-17,2019-07-17,5,Paid,2019-07-17
Gold Subscription Plan,2019-07-17,2019-07-17,39.75,Paid,2019-07-17
Gold Subscription Plan,2019-07-17,2019-07-17,9.7,Paid,2019-07-17
Gold Subscription Plan,2019-07-17,2019-07-21,9.95,Paid,2019-07-17
Gold Subscription Plan,2019-07-17,2019-07-21,24.9,Paid,2019-07-17
Gold Subscription Plan,2019-07-17,2019-07-21,49.5,Paid,2019-07-17
Gold Subscription Plan,2019-07-17,2019-07-20,24.9,Paid,2019-07-17
Gold Subscription Plan,2019-07-17,2019-07-20,52.85,Paid,2019-07-17
Gold Subscription Plan,2019-07-17,2019-07-20,54.75,Paid,2019-07-17
Gold Subscription Plan,2019-07-17,2019-07-21,45.85,Paid,2019-07-17
Gold Subscription Plan,2019-07-17,2019-07-21,48.5,Paid,2019-07-17
Gold Subscription Plan,2019-07-17,2019-07-21,45.4,Paid,2019-07-17
Gold Subscription Plan,2019-07-17,2019-07-21,18.3,Paid,2019-07-17
Gold Subscription Plan,2019-07-17,2019-07-21,32.5,Paid,2019-07-17
Gold Subscription Plan,2019-07-17,2019-07-21,23.8,Paid,2019-07-17
Gold Subscription Plan,2019-07-17,2019-07-21,45.85,Paid,2019-07-17
Gold Subscription Plan,2019-07-17,2019-07-17,9.72,Paid,2019-07-17
Gold Subscription Plan,2019-07-17,2019-07-17,47,Paid,2019-07-17
Gold Subscription Plan,2019-07-17,2019-07-17,47,Paid,2019-07-17
Gold Subscription Plan,2019-07-17,2019-07-30,47,Paid,2019-07-17
Gold Subscription Plan,2019-07-17,2019-07-21,24.4,Paid,2019-07-17
Gold Subscription Plan,2019-07-17,2019-07-21,46.6,Paid,2019-07-17
Gold Subscription Plan,2019-07-17,2019-07-21,23.5,Paid,2019-07-17
Gold Subscription Plan,2019-07-17,2019-07-21,35.25,Paid,2019-07-17
Gold Subscription Plan,2019-07-17,2019-07-17,47,Paid,2019-07-17
Gold Subscription Plan,2019-07-17,2019-07-17,4.85,Paid,2019-07-17
Gold Subscription Plan,2019-07-17,2019-07-17,4.85,Paid,2019-07-17
Gold Subscription Plan,2019-07-17,2019-07-17,9.4,Paid,2019-07-17
Gold Subscription Plan,2019-07-17,2019-07-17,48.45,Paid,2019-07-17
Gold Subscription Plan,2019-07-17,2019-07-17,48.45,Paid,2019-07-17
Gold Subscription Plan,2019-07-17,2019-07-17,5.25,Paid,2019-07-17
Gold Subscription Plan,2019-07-17,2019-07-17,10.25,Paid,2019-07-17
Gold Subscription Plan,2019-07-17,2019-07-17,28.75,Paid,2019-07-17
Gold Subscription Plan,2019-07-17,2019-07-17,4.85,Paid,2019-07-17
Gold Subscription Plan,2019-07-17,2019-07-17,9.7,Paid,2019-07-17
Gold Subscription Plan,2019-07-17,2019-07-17,20.5,Paid,2019-07-17
Gold Subscription Plan,2019-07-17,2019-07-17,24.9,Paid,2019-07-17
Gold Subscription Plan,2019-07-17,2019-07-17,49.5,Paid,2019-07-17
Gold Subscription Plan,2019-07-17,2019-07-17,47,Paid,2019-07-17
Gold Subscription Plan,2019-07-17,2019-07-17,24.4,Paid,2019-07-17
Gold Subscription Plan,2019-07-17,2019-07-17,18.75,Paid,2019-07-17
Gold Subscription Plan,2019-07-17,2019-07-17,24.4,Paid,2019-07-17
Gold Subscription Plan,2019-07-17,2019-07-17,9.35,Paid,2019-07-17
Gold Subscription Plan,2019-07-17,2019-07-17,45.75,Paid,2019-07-17
Gold Subscription Plan,2019-07-17,2019-07-17,39.5,Paid,2019-07-17
Gold Subscription Plan,2019-07-17,2019-07-17,5.25,Paid,2019-07-17
Gold Subscription Plan,2019-07-17,2019-07-17,4.85,Paid,2019-07-17
Gold Subscription Plan,2019-07-17,2019-07-17,47,Paid,2019-07-17
Gold Subscription Plan,2019-07-17,2019-07-17,29.9,Paid,2019-07-17
Gold Subscription Plan,2019-07-17,2019-07-17,24.95,Paid,2019-07-17
Gold Subscription Plan,2019-07-17,2019-07-17,15,Paid,2019-07-17
Gold Subscription Plan,2019-07-17,2019-07-17,9.55,Paid,2019-07-17
Gold Subscription Plan,2019-07-17,2019-07-17,39.75,Paid,2019-07-17
Gold Subscription Plan,2019-07-17,2019-07-17,45.85,Paid,2019-07-17
Gold Subscription Plan,2019-07-17,2019-07-17,10.25,Paid,2019-07-17
Gold Subscription Plan,2019-07-17,2019-07-17,10.25,Paid,2019-07-17
Gold Subscription Plan,2019-07-17,2019-07-17,45.85,Paid,2019-07-17
Gold Subscription Plan,2019-07-17,2019-07-17,14.65,Paid,2019-07-17
Gold Subscription Plan,2019-07-17,2019-07-17,48.5,Paid,2019-07-17
Gold Subscription Plan,2019-07-17,2019-07-17,18.75,Paid,2019-07-17
Gold Subscription Plan,2019-07-17,2019-07-17,18.6,Paid,2019-07-17
Gold Subscription Plan,2019-07-17,2019-07-17,7.5,Paid,2019-07-17
Gold Subscription Plan,2019-07-17,2019-07-17,47.99,Paid,2019-07-17
Gold Subscription Plan,2019-07-17,2019-07-17,20,Paid,2019-07-17
Gold Subscription Plan,2019-07-17,2019-07-17,9.7,Paid,2019-07-17
Gold Subscription Plan,2019-07-17,2019-07-17,47,Paid,2019-07-17
Gold Subscription Plan,2019-07-17,2019-07-17,5.25,Paid,2019-07-17
Gold Subscription Plan,2019-07-17,2019-07-17,10.25,Paid,2019-07-17
Gold Subscription Plan,2019-07-17,2019-07-17,24.35,Paid,2019-07-17
Gold Subscription Plan,2019-07-17,2019-07-17,9.72,Paid,2019-07-17
Gold Subscription Plan,2019-07-18,2019-07-18,91,Paid,2019-07-18
Gold Subscription Plan,2019-07-18,2019-07-18,45.75,Paid,2019-07-18
Gold Subscription Plan,2019-07-18,2019-07-18,23.8,Paid,2019-07-18
Gold Subscription Plan,2019-07-18,2019-07-18,9.4,Paid,2019-07-18
Gold Subscription Plan,2019-07-18,2019-07-18,5.25,Paid,2019-07-18
Gold Subscription Plan,2019-07-18,2019-07-18,4.85,Paid,2019-07-18
Gold Subscription Plan,2019-07-18,2019-07-18,9.72,Paid,2019-07-18
Gold Subscription Plan,2019-07-18,2019-07-18,47,Paid,2019-07-18
Gold Subscription Plan,2019-07-18,2019-07-18,3.5,Paid,2019-07-18
Gold Subscription Plan,2019-07-18,2019-07-18,47,Paid,2019-07-18
Gold Subscription Plan,2019-07-18,2019-07-18,18.6,Paid,2019-07-18
Gold Subscription Plan,2019-07-18,2019-07-18,9.72,Paid,2019-07-18
Gold Subscription Plan,2019-07-18,2019-07-18,22.15,Paid,2019-07-18
Gold Subscription Plan,2019-07-18,2019-07-18,47,Paid,2019-07-18
Gold Subscription Plan,2019-07-18,2019-07-18,4.85,Paid,2019-07-18
Gold Subscription Plan,2019-07-18,2019-07-18,48.4,Paid,2019-07-18
Gold Subscription Plan,2019-07-18,2019-07-18,4.85,Paid,2019-07-18
Gold Subscription Plan,2019-07-18,2019-07-18,9.7,Paid,2019-07-18
Gold Subscription Plan,2019-07-18,2019-07-18,4.85,Paid,2019-07-18
Gold Subscription Plan,2019-07-18,2019-07-18,47,Paid,2019-07-18
Gold Subscription Plan,2019-07-18,2019-07-18,4.85,Paid,2019-07-18
Gold Subscription Plan,2019-07-18,2019-07-18,9.35,Paid,2019-07-18
Gold Subscription Plan,2019-07-18,2019-07-18,48.5,Paid,2019-07-18
Gold Subscription Plan,2019-07-18,2019-07-18,91.65,Paid,2019-07-18
Gold Subscription Plan,2019-07-18,2019-07-18,29.75,Paid,2019-07-18
Gold Subscription Plan,2019-07-18,2019-07-18,10.25,Paid,2019-07-18
Gold Subscription Plan,2019-07-18,2019-07-18,19.8,Paid,2019-07-18
Gold Subscription Plan,2019-07-18,2019-07-18,5.25,Paid,2019-07-18
Gold Subscription Plan,2019-07-18,2019-07-21,41.45,Paid,2019-07-18
Gold Subscription Plan,2019-07-18,2019-07-18,5.25,Paid,2019-07-18
Gold Subscription Plan,2019-07-18,2019-07-18,10.25,Paid,2019-07-18
Gold Subscription Plan,2019-07-18,2019-07-18,4.85,Paid,2019-07-18
Gold Subscription Plan,2019-07-18,2019-07-18,46,Paid,2019-07-18
Gold Subscription Plan,2019-07-18,2019-07-18,47,Paid,2019-07-18
Gold Subscription Plan,2019-07-18,2019-07-18,56.88,Paid,2019-07-18
Gold Subscription Plan,2019-07-18,2019-07-18,0.98,Paid,2019-07-18
Gold Subscription Plan,2019-07-18,2019-07-18,48.45,Paid,2019-07-18
Gold Subscription Plan,2019-07-18,2019-07-18,24.35,Paid,2019-07-18
Gold Subscription Plan,2019-07-18,2019-07-18,9.7,Paid,2019-07-18
Gold Subscription Plan,2019-07-18,2019-07-18,14.6,Paid,2019-07-18
Gold Subscription Plan,2019-07-18,2019-07-18,9.55,Paid,2019-07-18
Gold Subscription Plan,2019-07-18,2019-07-18,9.45,Paid,2019-07-18
Gold Subscription Plan,2019-07-18,2019-07-18,4.8,Paid,2019-07-18
Gold Subscription Plan,2019-07-18,2019-07-18,9.7,Paid,2019-07-18
Gold Subscription Plan,2019-07-18,2019-07-18,16.5,Paid,2019-07-18
Gold Subscription Plan,2019-07-19,2019-07-19,17,Paid,2019-07-19
Gold Subscription Plan,2019-07-19,2019-07-19,9.72,Paid,2019-07-19
Gold Subscription Plan,2019-07-19,2019-07-19,18.6,Paid,2019-07-19
Gold Subscription Plan,2019-07-19,2019-07-19,9.72,Paid,2019-07-19
Gold Subscription Plan,2019-07-19,2019-07-19,9.35,Paid,2019-07-19
Gold Subscription Plan,2019-07-19,2019-07-19,9.7,Paid,2019-07-19
Gold Subscription Plan,2019-07-19,2019-07-19,47,Paid,2019-07-19
Gold Subscription Plan,2019-07-19,2019-07-19,19,Paid,2019-07-19
Gold Subscription Plan,2019-07-19,2019-07-19,91.75,Paid,2019-07-19
Gold Subscription Plan,2019-07-19,2019-07-19,47,Paid,2019-07-19
Gold Subscription Plan,2019-07-19,2019-07-19,39.5,Paid,2019-07-19
Gold Subscription Plan,2019-07-19,2019-07-19,9.7,Paid,2019-07-19
Gold Subscription Plan,2019-07-19,2019-07-19,18.75,Paid,2019-07-19
Gold Subscription Plan,2019-07-19,2019-07-19,45.75,Paid,2019-07-19
Gold Subscription Plan,2019-07-19,2019-07-19,9.55,Paid,2019-07-19
Gold Subscription Plan,2019-07-19,2019-07-19,23.8,Paid,2019-07-19
Gold Subscription Plan,2019-07-19,2019-07-19,9.7,Paid,2019-07-19
Gold Subscription Plan,2019-07-19,2019-07-19,4.85,Paid,2019-07-19
Gold Subscription Plan,2019-07-19,2019-07-19,36.8,Paid,2019-07-19
Gold Subscription Plan,2019-07-19,2019-07-19,23,Paid,2019-07-19
Gold Subscription Plan,2019-07-19,2019-07-19,4.85,Paid,2019-07-19
Gold Subscription Plan,2019-07-19,2019-07-19,9.72,Paid,2019-07-19
Gold Subscription Plan,2019-07-19,2019-07-19,5.25,Paid,2019-07-19
Gold Subscription Plan,2019-07-19,2019-07-19,10.25,Paid,2019-07-19
Gold Subscription Plan,2019-07-19,2019-07-19,46,Paid,2019-07-19
Gold Subscription Plan,2019-07-19,2019-07-19,39.5,Paid,2019-07-19
Gold Subscription Plan,2019-07-19,2019-07-19,45.9,Paid,2019-07-19
Gold Subscription Plan,2019-07-19,2019-07-19,0.98,Paid,2019-07-19
Gold Subscription Plan,2019-07-19,2019-07-20,48.45,Paid,2019-07-19
Gold Subscription Plan,2019-07-19,2019-07-20,9.7,Paid,2019-07-19
Gold Subscription Plan,2019-07-19,2019-07-19,48.5,Paid,2019-07-19
Gold Subscription Plan,2019-07-19,2019-07-19,16.45,Paid,2019-07-19
Gold Subscription Plan,2019-07-19,2019-07-19,48.5,Paid,2019-07-19
Gold Subscription Plan,2019-07-19,2019-07-19,24.35,Paid,2019-07-19
Gold Subscription Plan,2019-07-19,2019-07-19,9.7,Paid,2019-07-19
Gold Subscription Plan,2019-07-19,2019-07-19,9.7,Paid,2019-07-19
Gold Subscription Plan,2019-07-19,2019-07-19,24.35,Paid,2019-07-19
Gold Subscription Plan,2019-07-19,2019-07-19,14.65,Paid,2019-07-19
Gold Subscription Plan,2019-07-19,2019-07-19,11.5,Paid,2019-07-19
Gold Subscription Plan,2019-07-19,2019-07-19,24.35,Paid,2019-07-19
Gold Subscription Plan,2019-07-19,2019-07-19,48.5,Paid,2019-07-19
Gold Subscription Plan,2019-07-19,2019-07-19,14.65,Paid,2019-07-19
Gold Subscription Plan,2019-07-19,2019-07-19,9.7,Paid,2019-07-19
Gold Subscription Plan,2019-07-20,2019-07-20,39.5,Paid,2019-07-20
Gold Subscription Plan,2019-07-20,2019-07-20,2,Paid,2019-07-20
Gold Subscription Plan,2019-07-20,2019-07-20,4.75,Paid,2019-07-20
Gold Subscription Plan,2019-07-20,2019-07-20,22.5,Paid,2019-07-20
Gold Subscription Plan,2019-07-20,2019-07-20,12.9,Paid,2019-07-20
Gold Subscription Plan,2019-07-20,2019-07-20,47,Paid,2019-07-20
Gold Subscription Plan,2019-07-20,2019-07-20,9.35,Paid,2019-07-20
Gold Subscription Plan,2019-07-20,2019-07-20,46,Paid,2019-07-20
Gold Subscription Plan,2019-07-20,2019-07-20,9.7,Paid,2019-07-20
Gold Subscription Plan,2019-07-20,2019-07-20,24.35,Paid,2019-07-20
Gold Subscription Plan,2019-07-20,2019-07-20,48.45,Paid,2019-07-20
Gold Subscription Plan,2019-07-20,2019-07-20,4.85,Paid,2019-07-20
Gold Subscription Plan,2019-07-20,2019-07-20,9.7,Paid,2019-07-20
Gold Subscription Plan,2019-07-20,2019-07-20,4.85,Paid,2019-07-20
Gold Subscription Plan,2019-07-20,2019-07-20,3.5,Paid,2019-07-20
Gold Subscription Plan,2019-07-20,2019-07-20,46,Paid,2019-07-20
Gold Subscription Plan,2019-07-20,2019-07-20,91.75,Paid,2019-07-20
Gold Subscription Plan,2019-07-20,2019-07-20,47,Paid,2019-07-20
Gold Subscription Plan,2019-07-20,2019-07-20,23,Paid,2019-07-20
Gold Subscription Plan,2019-07-20,2019-07-20,9.45,Paid,2019-07-20
Gold Subscription Plan,2019-07-20,2019-07-20,22.9,Paid,2019-07-20
Gold Subscription Plan,2019-07-20,2019-07-20,47,Paid,2019-07-20
Gold Subscription Plan,2019-07-20,2019-07-20,18.75,Paid,2019-07-20
Gold Subscription Plan,2019-07-20,2019-07-20,4.85,Paid,2019-07-20
Gold Subscription Plan,2019-07-20,2019-07-20,9.72,Paid,2019-07-20
Gold Subscription Plan,2019-07-20,2019-07-20,4.85,Paid,2019-07-20
Gold Subscription Plan,2019-07-20,2019-07-20,4.85,Paid,2019-07-20
Gold Subscription Plan,2019-07-20,2019-07-20,47,Paid,2019-07-20
Gold Subscription Plan,2019-07-20,2019-07-20,16.35,Paid,2019-07-20
Gold Subscription Plan,2019-07-21,2019-07-21,39.5,Paid,2019-07-21
Gold Subscription Plan,2019-07-21,2019-07-21,4.85,Paid,2019-07-21
Gold Subscription Plan,2019-07-21,2019-07-21,9.5,Paid,2019-07-21
Gold Subscription Plan,2019-07-21,2019-07-21,9.45,Paid,2019-07-21
Gold Subscription Plan,2019-07-21,2019-07-21,23,Paid,2019-07-21
Gold Subscription Plan,2019-07-21,2019-07-21,48.5,Paid,2019-07-21
Gold Subscription Plan,2019-07-21,2019-07-21,7.65,Paid,2019-07-21
Gold Subscription Plan,2019-07-21,2019-07-21,14.25,Paid,2019-07-21
Gold Subscription Plan,2019-07-21,2019-07-21,9.35,Paid,2019-07-21
Gold Subscription Plan,2019-07-21,2019-07-21,17,Paid,2019-07-21
Gold Subscription Plan,2019-07-21,2019-07-21,91.75,Paid,2019-07-21
Gold Subscription Plan,2019-07-21,2019-07-21,9.7,Paid,2019-07-21
Gold Subscription Plan,2019-07-21,2019-07-21,9.6,Paid,2019-07-21
Gold Subscription Plan,2019-07-21,2019-07-21,46.75,Paid,2019-07-21
Gold Subscription Plan,2019-07-21,2019-07-21,23.4,Paid,2019-07-21
Gold Subscription Plan,2019-07-21,2019-07-21,47,Paid,2019-07-21
Gold Subscription Plan,2019-07-21,2019-07-21,9.72,Paid,2019-07-21
Gold Subscription Plan,2019-07-21,2019-07-21,47,Paid,2019-07-21
Gold Subscription Plan,2019-07-21,2019-07-21,9.72,Paid,2019-07-21
Gold Subscription Plan,2019-07-21,2019-07-21,7.65,Paid,2019-07-21
Gold Subscription Plan,2019-07-21,2019-07-21,7.6,Paid,2019-07-21
Gold Subscription Plan,2019-07-21,2019-07-21,7.75,Paid,2019-07-21
Gold Subscription Plan,2019-07-21,2019-07-21,39.75,Paid,2019-07-21
Gold Subscription Plan,2019-07-21,2019-07-21,17.1,Paid,2019-07-21
Gold Subscription Plan,2019-07-21,2019-07-21,9.8,Paid,2019-07-21
Gold Subscription Plan,2019-07-21,2019-07-21,10,Paid,2019-07-21
Gold Subscription Plan,2019-07-21,2019-07-21,4.77,Paid,2019-07-21
Gold Subscription Plan,2019-07-21,2019-07-21,47,Paid,2019-07-21
Gold Subscription Plan,2019-07-22,2019-07-22,39.75,Paid,2019-07-22
Gold Subscription Plan,2019-07-22,2019-07-22,14.65,Paid,2019-07-22
Gold Subscription Plan,2019-07-22,2019-07-22,18.75,Paid,2019-07-22
Gold Subscription Plan,2019-07-22,2019-07-22,9.55,Paid,2019-07-22
Gold Subscription Plan,2019-07-22,2019-07-22,91,Paid,2019-07-22
Gold Subscription Plan,2019-07-22,2019-07-22,48.45,Paid,2019-07-22
Gold Subscription Plan,2019-07-22,2019-07-22,24.35,Paid,2019-07-22
Gold Subscription Plan,2019-07-22,2019-07-22,10.25,Paid,2019-07-22
Gold Subscription Plan,2019-07-22,2019-07-22,9.4,Paid,2019-07-22
Gold Subscription Plan,2019-07-22,2019-07-22,9.7,Paid,2019-07-22
Gold Subscription Plan,2019-07-22,2019-07-22,46,Paid,2019-07-22
Gold Subscription Plan,2019-07-22,2019-07-22,47,Paid,2019-07-22
Gold Subscription Plan,2019-07-22,2019-07-22,23,Paid,2019-07-22
Gold Subscription Plan,2019-07-22,2019-07-22,47,Paid,2019-07-22
Gold Subscription Plan,2019-07-22,2019-07-22,9.7,Paid,2019-07-22
Gold Subscription Plan,2019-07-22,2019-07-22,4.85,Paid,2019-07-22
Gold Subscription Plan,2019-07-22,2019-07-22,23,Paid,2019-07-22
Gold Subscription Plan,2019-07-22,2019-07-22,10.25,Paid,2019-07-22
Gold Subscription Plan,2019-07-22,2019-07-22,9.45,Paid,2019-07-22
Gold Subscription Plan,2019-07-22,2019-07-22,17.1,Paid,2019-07-22
Gold Subscription Plan,2019-07-22,2019-07-22,15.5,Paid,2019-07-22
Gold Subscription Plan,2019-07-22,2019-07-22,39.75,Paid,2019-07-22
Gold Subscription Plan,2019-07-22,2019-07-22,4.85,Paid,2019-07-22
Gold Subscription Plan,2019-07-22,2019-07-22,10.25,Paid,2019-07-22
Gold Subscription Plan,2019-07-22,2019-07-22,15.5,Paid,2019-07-22
Gold Subscription Plan,2019-07-22,2019-07-22,47,Paid,2019-07-22
Gold Subscription Plan,2019-07-22,2019-07-22,7.65,Paid,2019-07-22
Gold Subscription Plan,2019-07-22,2019-07-22,9.72,Paid,2019-07-22
Gold Subscription Plan,2019-07-22,2019-07-22,45.9,Paid,2019-07-22
Gold Subscription Plan,2019-07-22,2019-07-22,17,Paid,2019-07-22
Gold Subscription Plan,2019-07-22,2019-07-22,47,Paid,2019-07-22
Gold Subscription Plan,2019-07-22,2019-07-22,7.65,Paid,2019-07-22
Gold Subscription Plan,2019-07-22,2019-07-22,9.45,Paid,2019-07-22
Gold Subscription Plan,2019-07-22,2019-07-22,9.25,Paid,2019-07-22
Gold Subscription Plan,2019-07-22,2019-07-22,7.5,Paid,2019-07-22
Gold Subscription Plan,2019-07-22,2019-07-22,7.5,Paid,2019-07-22
Gold Subscription Plan,2019-07-22,2019-07-22,46,Paid,2019-07-22
Gold Subscription Plan,2019-07-22,2019-07-22,9.7,Paid,2019-07-22
Gold Subscription Plan,2019-07-22,2019-07-22,4.8,Paid,2019-07-22
Gold Subscription Plan,2019-07-22,2019-07-22,9.35,Paid,2019-07-22
Gold Subscription Plan,2019-07-22,2019-07-22,48.45,Paid,2019-07-22
Gold Subscription Plan,2019-07-22,2019-07-22,14.6,Paid,2019-07-22
Gold Subscription Plan,2019-07-22,2019-07-22,9.35,Paid,2019-07-22
Gold Subscription Plan,2019-07-23,2019-07-23,2.85,Paid,2019-07-23
Gold Subscription Plan,2019-07-23,2019-07-23,5.25,Paid,2019-07-23
Gold Subscription Plan,2019-07-23,2019-07-23,48.45,Paid,2019-07-23
Gold Subscription Plan,2019-07-23,2019-07-23,39.75,Paid,2019-07-23
Gold Subscription Plan,2019-07-23,2019-07-23,46,Paid,2019-07-23
Gold Subscription Plan,2019-07-23,2019-07-23,9.5,Paid,2019-07-23
Gold Subscription Plan,2019-07-23,2019-07-23,9.5,Paid,2019-07-23
Gold Subscription Plan,2019-07-23,2019-07-23,18.6,Paid,2019-07-23
Gold Subscription Plan,2019-07-23,2019-07-23,19.7,Paid,2019-07-23
Gold Subscription Plan,2019-07-23,2019-07-23,4.85,Paid,2019-07-23
Gold Subscription Plan,2019-07-23,2019-07-23,24.35,Paid,2019-07-23
Gold Subscription Plan,2019-07-23,2019-07-23,9.7,Paid,2019-07-23
Gold Subscription Plan,2019-07-23,2019-07-23,9.35,Paid,2019-07-23
Gold Subscription Plan,2019-07-23,2019-07-23,22.9,Paid,2019-07-23
Gold Subscription Plan,2019-07-23,2019-07-23,4.78,Paid,2019-07-23
Gold Subscription Plan,2019-07-23,2019-07-23,15.5,Paid,2019-07-23
Gold Subscription Plan,2019-07-23,2019-07-23,48.45,Paid,2019-07-23
Gold Subscription Plan,2019-07-23,2019-07-23,91,Paid,2019-07-23
Gold Subscription Plan,2019-07-23,2019-07-23,48.5,Paid,2019-07-23
Gold Subscription Plan,2019-07-23,2019-07-23,9.72,Paid,2019-07-23
Gold Subscription Plan,2019-07-23,2019-07-23,4.85,Paid,2019-07-23
Gold Subscription Plan,2019-07-23,2019-07-23,48.5,Paid,2019-07-23
Gold Subscription Plan,2019-07-23,2019-07-23,24.4,Paid,2019-07-23
Gold Subscription Plan,2019-07-23,2019-07-23,9.7,Paid,2019-07-23
Gold Subscription Plan,2019-07-23,2019-07-23,14.65,Paid,2019-07-23
Gold Subscription Plan,2019-07-23,2019-07-23,17.5,Paid,2019-07-23
Gold Subscription Plan,2019-07-23,2019-07-23,39.75,Paid,2019-07-23
Gold Subscription Plan,2019-07-23,2019-07-23,4.8,Paid,2019-07-23
Gold Subscription Plan,2019-07-23,2019-07-23,4.85,Paid,2019-07-23
Gold Subscription Plan,2019-07-23,2019-07-23,23,Paid,2019-07-23
Gold Subscription Plan,2019-07-23,2019-07-23,9.45,Paid,2019-07-23
Gold Subscription Plan,2019-07-23,2019-07-23,9.7,Paid,2019-07-23
Gold Subscription Plan,2019-07-23,2019-07-23,29.9,Paid,2019-07-23
Gold Subscription Plan,2019-07-23,2019-07-23,47,Paid,2019-07-23
Gold Subscription Plan,2019-07-23,2019-07-23,15,Paid,2019-07-23
Gold Subscription Plan,2019-07-23,2019-07-23,9.3,Paid,2019-07-23
Gold Subscription Plan,2019-07-23,2019-07-23,18.3,Paid,2019-07-23
Gold Subscription Plan,2019-07-23,2019-07-23,45.4,Paid,2019-07-23
Gold Subscription Plan,2019-07-23,2019-07-23,10.25,Paid,2019-07-23
Gold Subscription Plan,2019-07-23,2019-07-23,45.85,Paid,2019-07-23
Gold Subscription Plan,2019-07-23,2019-07-23,4.85,Paid,2019-07-23
Gold Subscription Plan,2019-07-23,2019-07-23,9.7,Paid,2019-07-23
Gold Subscription Plan,2019-07-23,2019-07-23,15.5,Paid,2019-07-23
Gold Subscription Plan,2019-07-23,2019-07-23,9.55,Paid,2019-07-23
Gold Subscription Plan,2019-07-23,2019-07-23,23.5,Paid,2019-07-23
Gold Subscription Plan,2019-07-23,2019-07-23,9.4,Paid,2019-07-23
Gold Subscription Plan,2019-07-23,2019-07-23,47,Paid,2019-07-23
Gold Subscription Plan,2019-07-23,2019-07-23,47,Paid,2019-07-23
Gold Subscription Plan,2019-07-23,2019-07-23,23.8,Paid,2019-07-23
Gold Subscription Plan,2019-07-23,2019-07-23,45.75,Paid,2019-07-23
Gold Subscription Plan,2019-07-23,2019-07-23,4.78,Paid,2019-07-23
Gold Subscription Plan,2019-07-23,2019-07-23,5.25,Paid,2019-07-23
Gold Subscription Plan,2019-07-23,2019-07-23,23.8,Paid,2019-07-23
Gold Subscription Plan,2019-07-23,2019-07-23,18.3,Paid,2019-07-23
Gold Subscription Plan,2019-07-23,2019-07-23,9.45,Paid,2019-07-23
Gold Subscription Plan,2019-07-23,2019-07-23,18.75,Paid,2019-07-23
Gold Subscription Plan,2019-07-23,2019-07-23,91,Paid,2019-07-23
Gold Subscription Plan,2019-07-23,2019-07-23,22.75,Paid,2019-07-23
Gold Subscription Plan,2019-07-23,2019-07-23,45.75,Paid,2019-07-23
Gold Subscription Plan,2019-07-23,2019-07-23,5.25,Paid,2019-07-23
Gold Subscription Plan,2019-07-23,2019-07-23,24.35,Paid,2019-07-23
Gold Subscription Plan,2019-07-23,2019-07-23,48.5,Paid,2019-07-23
Gold Subscription Plan,2019-07-23,2019-07-23,9.7,Paid,2019-07-23
Gold Subscription Plan,2019-07-23,2019-07-23,4.78,Paid,2019-07-23
Gold Subscription Plan,2019-07-23,2019-07-23,9.7,Paid,2019-07-23
Gold Subscription Plan,2019-07-23,2019-07-23,21.5,Paid,2019-07-23
Gold Subscription Plan,2019-07-23,2019-07-23,5,Paid,2019-07-23
Gold Subscription Plan,2019-07-23,2019-07-23,24.9,Paid,2019-07-23
Gold Subscription Plan,2019-07-23,2019-07-23,28.45,Paid,2019-07-23
Gold Subscription Plan,2019-07-23,2019-07-23,1.15,Paid,2019-07-23
Gold Subscription Plan,2019-07-23,2019-07-23,9.7,Paid,2019-07-23
Gold Subscription Plan,2019-07-23,2019-07-23,14.65,Paid,2019-07-23
Gold Subscription Plan,2019-07-23,2019-07-23,1.25,Paid,2019-07-23
Gold Subscription Plan,2019-07-23,2019-07-23,4.85,Paid,2019-07-23
Gold Subscription Plan,2019-07-23,2019-07-23,47,Paid,2019-07-23
Gold Subscription Plan,2019-07-23,2019-07-23,18.75,Paid,2019-07-23
Gold Subscription Plan,2019-07-23,2019-07-23,9.35,Paid,2019-07-23
Gold Subscription Plan,2019-07-23,2019-07-23,4.85,Paid,2019-07-23
Gold Subscription Plan,2019-07-23,2019-07-23,9.72,Paid,2019-07-23
Gold Subscription Plan,2019-07-23,2019-07-23,18.75,Paid,2019-07-23
Gold Subscription Plan,2019-07-23,2019-07-23,9.55,Paid,2019-07-23
Gold Subscription Plan,2019-07-23,2019-07-23,9.5,Paid,2019-07-23
Gold Subscription Plan,2019-07-23,2019-07-23,24,Paid,2019-07-23
Gold Subscription Plan,2019-07-24,2019-07-24,4.75,Paid,2019-07-24
Gold Subscription Plan,2019-07-24,2019-07-24,3.45,Paid,2019-07-24
Gold Subscription Plan,2019-07-24,2019-07-24,39.75,Paid,2019-07-24
Gold Subscription Plan,2019-07-24,2019-07-24,7.75,Paid,2019-07-24
Gold Subscription Plan,2019-07-24,2019-07-24,48.45,Paid,2019-07-24
Gold Subscription Plan,2019-07-24,2019-07-24,9.7,Paid,2019-07-24
Gold Subscription Plan,2019-07-24,2019-07-24,49.5,Paid,2019-07-24
Gold Subscription Plan,2019-07-24,2019-07-24,9.4,Paid,2019-07-24
Gold Subscription Plan,2019-07-24,2019-07-24,23,Paid,2019-07-24
Gold Subscription Plan,2019-07-24,2019-07-24,10.25,Paid,2019-07-24
Gold Subscription Plan,2019-07-24,2019-07-24,9.35,Paid,2019-07-24
Gold Subscription Plan,2019-07-24,2019-07-24,9.45,Paid,2019-07-24
Gold Subscription Plan,2019-07-24,2019-07-24,9.7,Paid,2019-07-24
Gold Subscription Plan,2019-07-24,2019-07-24,1.25,Paid,2019-07-24
Gold Subscription Plan,2019-07-24,2019-07-24,48.45,Paid,2019-07-24
Gold Subscription Plan,2019-07-24,2019-07-24,4.75,Paid,2019-07-24
Gold Subscription Plan,2019-07-24,2019-07-25,9.35,Paid,2019-07-24
Gold Subscription Plan,2019-07-24,2019-07-24,7.65,Paid,2019-07-24
Gold Subscription Plan,2019-07-24,2019-07-24,24.35,Paid,2019-07-24
Gold Subscription Plan,2019-07-24,2019-07-24,17.45,Paid,2019-07-24
Gold Subscription Plan,2019-07-24,2019-07-24,15.5,Paid,2019-07-24
Gold Subscription Plan,2019-07-24,2019-07-26,9.55,Paid,2019-07-24
Gold Subscription Plan,2019-07-24,2019-07-24,15.5,Paid,2019-07-24
Gold Subscription Plan,2019-07-24,2019-07-24,17.5,Paid,2019-07-24
Gold Subscription Plan,2019-07-24,2019-07-24,4.85,Paid,2019-07-24
Gold Subscription Plan,2019-07-24,2019-07-24,9.7,Paid,2019-07-24
Gold Subscription Plan,2019-07-24,2019-07-24,47,Paid,2019-07-24
Gold Subscription Plan,2019-07-24,2019-07-24,22.9,Paid,2019-07-24
Gold Subscription Plan,2019-07-24,2019-07-24,9.5,Paid,2019-07-24
Gold Subscription Plan,2019-07-24,2019-07-24,18.75,Paid,2019-07-24
Gold Subscription Plan,2019-07-24,2019-07-24,23.8,Paid,2019-07-24
Gold Subscription Plan,2019-07-24,2019-07-24,18.65,Paid,2019-07-24
Gold Subscription Plan,2019-07-24,2019-07-24,10.25,Paid,2019-07-24
Gold Subscription Plan,2019-07-24,2019-07-24,17.75,Paid,2019-07-24
Gold Subscription Plan,2019-07-24,2019-07-24,39.5,Paid,2019-07-24
Gold Subscription Plan,2019-07-24,2019-07-24,9.5,Paid,2019-07-24
Gold Subscription Plan,2019-07-24,2019-07-24,9.35,Paid,2019-07-24
Gold Subscription Plan,2019-07-24,2019-07-24,91,Paid,2019-07-24
Gold Subscription Plan,2019-07-24,2019-07-24,46.75,Paid,2019-07-24
Gold Subscription Plan,2019-07-24,2019-07-24,4.77,Paid,2019-07-24
Gold Subscription Plan,2019-07-24,2019-07-24,48.45,Paid,2019-07-24
Gold Subscription Plan,2019-07-24,2019-07-24,18.75,Paid,2019-07-24
Gold Subscription Plan,2019-07-24,2019-07-24,10.25,Paid,2019-07-24
Gold Subscription Plan,2019-07-24,2019-08-02,9.5,Paid,2019-07-24
Gold Subscription Plan,2019-07-25,2019-07-25,4.85,Paid,2019-07-25
Gold Subscription Plan,2019-07-25,2019-07-25,14.85,Paid,2019-07-25
Gold Subscription Plan,2019-07-25,2019-07-25,9.8,Paid,2019-07-25
Gold Subscription Plan,2019-07-25,2019-07-25,5,Paid,2019-07-25
Gold Subscription Plan,2019-07-25,2019-07-25,49,Paid,2019-07-25
Gold Subscription Plan,2019-07-25,2019-07-25,19.7,Paid,2019-07-25
Gold Subscription Plan,2019-07-25,2019-07-25,29.9,Paid,2019-07-25
Gold Subscription Plan,2019-07-25,2019-07-25,15,Paid,2019-07-25
Gold Subscription Plan,2019-07-25,2019-07-25,9.5,Paid,2019-07-25
Gold Subscription Plan,2019-07-25,2019-07-25,47.99,Paid,2019-07-25
Gold Subscription Plan,2019-07-25,2019-07-25,19.95,Paid,2019-07-25
Gold Subscription Plan,2019-07-25,2019-07-25,45.35,Paid,2019-07-25
Gold Subscription Plan,2019-07-25,2019-07-25,46,Paid,2019-07-25
Gold Subscription Plan,2019-07-25,2019-07-25,47,Paid,2019-07-25
Gold Subscription Plan,2019-07-25,2019-07-25,7.65,Paid,2019-07-25
Gold Subscription Plan,2019-07-25,2019-07-25,9.7,Paid,2019-07-25
Gold Subscription Plan,2019-07-25,2019-07-25,14.65,Paid,2019-07-25
Gold Subscription Plan,2019-07-25,2019-07-25,24.35,Paid,2019-07-25
Gold Subscription Plan,2019-07-25,2019-07-25,91.75,Paid,2019-07-25
Gold Subscription Plan,2019-07-25,2019-07-25,22.9,Paid,2019-07-25
Gold Subscription Plan,2019-07-25,2019-07-25,18.65,Paid,2019-07-25
Gold Subscription Plan,2019-07-25,2019-07-25,48.45,Paid,2019-07-25
Gold Subscription Plan,2019-07-25,2019-07-25,7.65,Paid,2019-07-25
Gold Subscription Plan,2019-07-25,2019-07-25,7.65,Paid,2019-07-25
Gold Subscription Plan,2019-07-25,2019-07-25,91.65,Paid,2019-07-25
Gold Subscription Plan,2019-07-25,2019-07-25,46,Paid,2019-07-25
Gold Subscription Plan,2019-07-25,2019-07-25,91.5,Paid,2019-07-25
Gold Subscription Plan,2019-07-25,2019-07-25,32.5,Paid,2019-07-25
Gold Subscription Plan,2019-07-25,2019-07-25,45.8,Paid,2019-07-25
Gold Subscription Plan,2019-07-25,2019-07-25,45.35,Paid,2019-07-25
Gold Subscription Plan,2019-07-25,2019-07-25,47,Paid,2019-07-25
Gold Subscription Plan,2019-07-25,2019-07-25,2,Paid,2019-07-25
Gold Subscription Plan,2019-07-25,2019-07-25,9.35,Paid,2019-07-25
Gold Subscription Plan,2019-07-25,2019-07-25,18.75,Paid,2019-07-25
Gold Subscription Plan,2019-07-25,2019-07-25,13.5,Paid,2019-07-25
Gold Subscription Plan,2019-07-25,2019-07-25,4.85,Paid,2019-07-25
Gold Subscription Plan,2019-07-25,2019-07-25,20,Paid,2019-07-25
Gold Subscription Plan,2019-07-25,2019-07-25,20,Paid,2019-07-25
Gold Subscription Plan,2019-07-25,2019-07-25,20,Paid,2019-07-25
Gold Subscription Plan,2019-07-25,2019-07-25,20,Paid,2019-07-25
Gold Subscription Plan,2019-07-25,2019-07-25,29.75,Paid,2019-07-25
Gold Subscription Plan,2019-07-25,2019-07-25,10.25,Paid,2019-07-25
Gold Subscription Plan,2019-07-25,2019-07-25,24,Paid,2019-07-25
Gold Subscription Plan,2019-07-26,2019-07-26,9.7,Paid,2019-07-26
Gold Subscription Plan,2019-07-26,2019-07-26,14.65,Paid,2019-07-26
Gold Subscription Plan,2019-07-26,2019-07-26,39.5,Paid,2019-07-26
Gold Subscription Plan,2019-07-26,2019-07-26,17.45,Paid,2019-07-26
Gold Subscription Plan,2019-07-26,2019-07-26,9.35,Paid,2019-07-26
Gold Subscription Plan,2019-07-26,2019-07-26,18.75,Paid,2019-07-26
Gold Subscription Plan,2019-07-26,2019-07-26,500,Paid,2019-07-26
Gold Subscription Plan,2019-07-26,2019-07-26,45.35,Paid,2019-07-26
Gold Subscription Plan,2019-07-26,2019-07-26,22.5,Paid,2019-07-26
Gold Subscription Plan,2019-07-26,2019-07-26,9.4,Paid,2019-07-26
Gold Subscription Plan,2019-07-26,2019-07-26,9.6,Paid,2019-07-26
Gold Subscription Plan,2019-07-26,2019-07-26,45.25,Paid,2019-07-26
Gold Subscription Plan,2019-07-26,2019-07-26,13.5,Paid,2019-07-26
Gold Subscription Plan,2019-07-26,2019-07-26,19.8,Paid,2019-07-26
Gold Subscription Plan,2019-07-26,2019-07-26,18.75,Paid,2019-07-26
Gold Subscription Plan,2019-07-26,2019-07-26,45.8,Paid,2019-07-26
Gold Subscription Plan,2019-07-26,2019-07-26,23.8,Paid,2019-07-26
Gold Subscription Plan,2019-07-26,2019-07-26,2.1,Paid,2019-07-26
Gold Subscription Plan,2019-07-26,2019-07-26,4.85,Paid,2019-07-26
Gold Subscription Plan,2019-07-26,2019-07-26,9.72,Paid,2019-07-26
Gold Subscription Plan,2019-07-26,2019-07-26,24.4,Paid,2019-07-26
Gold Subscription Plan,2019-07-26,2019-07-26,4.85,Paid,2019-07-26
Gold Subscription Plan,2019-07-26,2019-07-26,47,Paid,2019-07-26
Gold Subscription Plan,2019-07-26,2019-07-26,48.45,Paid,2019-07-26
Gold Subscription Plan,2019-07-26,2019-07-26,14.6,Paid,2019-07-26
Gold Subscription Plan,2019-07-26,2019-07-26,45.85,Paid,2019-07-26
Gold Subscription Plan,2019-07-26,2019-07-26,5.25,Paid,2019-07-26
Gold Subscription Plan,2019-07-26,2019-07-26,10.25,Paid,2019-07-26
Gold Subscription Plan,2019-07-26,2019-07-26,19.8,Paid,2019-07-26
